Dist_Name,Percent_Flooded_Area,Parmanent_Water,Corrected_Percent_Flooded_Area
dadra & nagar haveli,3.614704922,0.645537217,2.969167705
daman,2.853534384,1.308995942,1.544538442
diu,5.79981831,1.597536193,0.819836479
north  & middle andaman,1.3148171,0.0,1.3148171
south andaman,1.443452407,0.0,1.443452407
nicobars,0.090612489,0.0,0.090612489
srikakulam,4.01307877,0.566374643,3.446704127
vizianagaram,1.110588388,0.320586402,0.790001986
visakhapatnam,1.175590784,0.439675977,0.735914807
krishna,4.604283716,1.597536193,0.709710375
guntur,8.323627750875,0.999528068,7.660317975750001
east godavari,6.191781457,1.597536193,3.702696517
prakasam,1.152408401,0.273749091,0.87865931
kurnool,0.793739864,0.504632198,0.289107666
anantapur,0.698641838,0.216018195,0.482623643
sri potti sriramulu nell*,4.296954395,1.597536193,0.688735282
west godavari,5.603589524,1.597536193,3.539250333
y.s.r.,1.141752714,1.095797136,0.045955578
chittoor,0.573483172,0.068957975,0.504525197
upper subansiri,1.234996868,0.078758779,1.156238089
anjaw,1.599292296,0.251543379,1.347748917
changlang,2.538486995,0.021259348,2.517227647
tawang,1.104117118,0.227751689,0.876365429
papum pare,0.846868747,0.021507801,0.825360946
tirap,0.650808941,0.020888139,0.629920802
east siang,3.916385666,1.35629866,2.560087006
lohit,2.719050727,0.57149925,2.147551477
kurung kumey,0.581168345,0.025194178,0.555974167
lower subansiri,0.836132857,0.006756278,0.829376579
east kameng,1.388336152,0.061410827,1.326925325
west kameng,1.93207052,0.043990415,1.888080105
kra daadi,1.846265574,0.008415915,1.837849659
namsai,4.082402322,0.299110207,3.783292115
longding,0.638916752,0.0,0.638916752
upper siang,2.722491305,0.336009842,2.386481463
lower siang,2.214148435,0.042159747,2.171988688
upper dibang valley,1.084032399,0.372682252,0.711350147
lower dibang valley,1.560368914,0.162468901,1.397900013
siang,2.518308001,0.498407734,2.019900267
shi yomi,0.730870815,0.051292052,0.679578763
pakke kessang,1.745384121,0.023431627,1.721952494
west siang,0.744207577,0.123427923,0.620779654
lepa rada,0.870628148,0.0,0.870628148
kamle,2.140222737,0.304270955,1.835951782
tinsukia,6.140689939,1.259207522,4.881482417
dhemaji,8.323627750875,1.436232391,7.660317975750001
dibrugarh,8.323627750875,1.597536193,7.660317975750001
lakhimpur,8.323627750875,1.049242136,7.660317975750001
sivasagar,8.323627750875,0.611686093,7.660317975750001
jorhat,7.736947443,1.082349707,6.654597736
sonitpur,7.745899654,1.597536193,5.196410326
golaghat,8.323627750875,1.593594635,7.660317975750001
udalguri,3.138974031,0.003282254,3.135691777
chirang,2.875769392,0.021873585,2.853895807
baksa,3.829965692,0.097900998,3.732064694
nagaon,8.323627750875,0.20685283,7.660317975750001
kokrajhar,2.564133007,0.046972576,2.517160431
darrang,8.323627750875,1.597536193,7.660317975750001
barpeta,8.323627750875,1.597536193,7.660317975750001
nalbari,8.323627750875,1.597536193,6.588557735
morigaon,8.323627750875,1.597536193,7.660317975750001
kamrup,8.323627750875,1.476174408,7.660317975750001
bongaigaon,8.323627750875,1.597536193,7.660317975750001
dhubri,8.323627750875,1.597536193,7.660317975750001
kamrup metropolitan,8.323627750875,1.597536193,7.660317975750001
goalpara,8.323627750875,1.597536193,7.660317975750001
dima hasao,1.849797408,0.192925704,1.656871704
cachar,8.323627750875,0.339758463,7.660317975750001
karimganj,8.323627750875,0.019195636,7.660317975750001
hailakandi,8.323627750875,0.052376525,7.660317975750001
charaideo,8.323627750875,0.010879162,7.660317975750001
majuli,8.323627750875,1.597536193,7.660317975750001
biswanath,5.175865068,1.597536193,3.155673349
hojai,5.264427439,0.109771283,5.154656156
south salmara mancachar,8.323627750875,1.597536193,7.660317975750001
karbi anglong,1.843407844,0.000151248,1.843256596
west karbi anglong,3.225931636,0.096610327,3.129321309
pashchim champaran,6.581510908,0.22060865,6.360902258
purba champaran,8.323627750875,0.12116348,7.660317975750001
sitamarhi,4.621194206,0.001510558,4.619683648
sheohar,8.323627750875,0.0,7.660317975750001
gopalganj,5.900053501,0.432458286,5.467595215
samastipur,8.323627750875,0.395790839,7.660317975750001
katihar,8.323627750875,1.597536193,7.660317975750001
khagaria,8.323627750875,0.872843213,7.660317975750001
bhojpur,6.197224303,0.810391565,5.386832738
buxar,5.8158623,0.526160857,5.289701443
darbhanga,8.323627750875,0.024744941,7.660317975750001
saharsa,8.323627750875,0.644150281,7.660317975750001
kaimur (bhabua),2.869921368,0.262638721,2.607282647
rohtas,4.672962273,0.800130744,3.872831529
jamui,0.5711396,0.157890825,0.413248775
banka,2.03422427,0.348262775,1.685961495
nawada,1.840779083,0.079535975,1.761243108
gaya,3.47076538,0.000225598,3.470539782
munger,8.323627750875,1.597536193,7.660317975750001
vaishali,8.323627750875,1.112916504,7.660317975750001
begusarai,8.323627750875,1.072873296,7.660317975750001
bhagalpur,8.323627750875,1.597536193,7.660317975750001
lakhisarai,8.323627750875,0.192831525,7.660317975750001
sheikhpura,3.509671673,0.004092988,3.505578685
arwal,8.323627750875,0.595563792,7.660317975750001
jehanabad,8.323627750875,0.001189369,7.660317975750001
nalanda,8.323627750875,0.017069197,7.660317975750001
patna,8.323627750875,1.449192516,7.660317975750001
saran,8.323627750875,1.299936265,7.660317975750001
siwan,6.753345435,0.145588085,6.60775735
muzaffarpur,8.323627750875,0.19126057,7.660317975750001
madhepura,3.91579591,0.008027921,3.907767989
araria,6.399493143,0.0,6.399493143
supaul,7.982821848,0.634587242,7.348234606
madhubani,3.784620529,0.037751436,3.746869093
purnia,6.353941784,0.033127573,6.320814211
kishanganj,8.323627750875,0.190724422,7.660317975750001
aurangabad,2.741713494,0.192197924,2.54951557
chandigarh,0.001739235,0.000745464,0.000993771
mahasamund,0.960933082,0.333392516,0.627540566
uttar bastar kanker,0.836672614,0.106473076,0.730199538
narayanpur,0.591873275,0.019401894,0.572471381
dakshin bastar dantewada,1.73160173,0.05840241,1.67319932
bastar,1.887109361,0.254405482,1.632703879
kondagaon,1.123981488,0.045498909,1.078482579
gariaband,0.872452961,0.366717302,0.505735659
raipur,1.037598285,0.445146211,0.592452074
durg,1.029480865,0.598727155,0.43075371
dhamtari,1.523869436,1.570806706,0.04693727
balod,0.692282824,0.717205888,0.024923064
koriya,0.581343442,0.102575658,0.478767784
jashpur,0.612002702,0.04317362,0.568829082
korba,1.961395836,1.597536193,0.310367455
kabeerdham,0.818669924,0.253989706,0.564680218
janjgir - champa,2.305607554,0.376710728,1.928896826
bametara,2.704068243,0.320047689,2.384020554
rajnandgaon,0.602269912,0.353818517,0.248451395
surajpur,1.420793586,0.200734056,1.22005953
baloda bazar,3.669338228,0.368934666,3.300403562
mungeli,2.354397777,0.519156343,1.835241434
surguja,0.479102379,0.278929567,0.200172812
balrampur,0.665330167,0.022677673,0.642652494
bijapur,2.067319021,0.119061839,1.948257182
raigarh,1.171171998,0.340147342,0.831024656
bilaspur,1.199971728,0.445297237,0.754674491
sukma,1.578192343,0.11146237,1.466729973
north,1.725427554,0.0,1.725427554
north east,1.464774777,0.0,1.464774777
west,5.312905892,0.0,5.312905892
east ,0.1,0.0,0.1
south west,3.339650881,0.0,3.339650881
central,7.250541685,0.0,7.250541685
new delhi,0.014199219,0.0,0.014199219
south,0.006747594,0.0,0.006747594
shahdara,0.1,0.0,0.1
south east,0.675204493,0.045915107,0.629289386
north west,0.1,0.0,0.1
north goa,4.159637042,1.597536193,1.581879791
south goa,2.764330826,0.971762276,1.79256855
valsad,2.551668353,0.812747791,1.738920562
amreli,0.551647653,0.455725673,0.09592198
the dangs,2.171927273,0.007193835,2.164733438
banas kantha,0.684661264,0.116877662,0.567783602
patan,2.72529709,0.128901094,2.596395996
mahesana,0.776246826,0.08453985,0.691706976
gandhinagar,1.280221069,0.000328815,1.279892254
ahmadabad,4.222292965,0.122458085,4.09983488
panch mahals,0.963141904,0.574815885,0.388326019
dohad,0.331645594,0.201923678,0.129721916
vadodara,3.328415211,0.284762754,3.043652457
bharuch,3.432850261,1.597536193,1.820453727
porbandar,5.378579118,0.51266173,4.865917388
narmada,5.679248253,1.597536193,3.114996648
surat,5.928437334,0.593664003,5.334773331
tapi,3.084521179,1.597536193,0.099755767
aravalli,1.017301706,0.334042991,0.683258715
botad,0.962947549,0.085839662,0.877107887
chota udaipur,0.859683354,0.747200646,0.112482708
mahisagar,2.501932587,1.597536193,0.698306974
gir somnath,0.779801587,0.532788711,0.247012876
sabar kantha,0.981927574,0.655214573,0.326713001
kachchh,8.323627750875,1.597536193,3.088679389
surendranagar,1.286502045,0.14688655,1.139615495
rajkot,0.801285355,0.493588848,0.307696507
kheda,2.857113599,0.01148306,2.845630539
anand,5.640448142,0.236729361,5.403718781
bhavnagar,1.164791431,1.145481372,0.019310059
junagadh,1.288798667,0.096341257,1.19245741
jamnagar,0.665233515,0.663125755,0.00210776
devbhumi dwarka,0.632384691,0.65675835,0.024373659
morbi,0.897578925,1.089593543,0.192014618
navsari,2.899986996,0.636447966,2.26353903
jhajjar,1.433630243,0.004170675,1.429459568
gurugram,1.190106782,0.025213178,1.164893604
faridabad,6.911149485,0.0,6.911149485
mahendragarh,0.562223928,0.000562973,0.561660955
rewari,0.830835644,0.002779906,0.828055738
nuh,0.669910248,0.0,0.669910248
palwal,1.788990887,0.0,1.788990887
charki dadri,0.854921696,0.002355435,0.852566261
yamunanagar,5.773638579,0.042011596,5.731626983
kurukshetra,5.505038063,0.003818992,5.501219071
kaithal,3.116757085,0.00046637,3.116290715
sirsa,8.323627750875,0.001758909,7.660317975750001
karnal,3.351988487,0.003219511,3.348768976
jind,1.133905451,0.0,1.133905451
fatehabad,8.323627750875,0.0,7.660317975750001
hisar,4.240875674,0.000529024,4.24034665
panipat,1.825319296,0.0,1.825319296
sonipat,0.905127272,0.0,0.905127272
bhiwani,2.188213606,0.000980524,2.187233082
rohtak,1.003708527,0.003867208,0.999841319
panchkula,0.322349702,0.040273471,0.282076231
ambala,4.251029067,0.0,4.251029067
lahul & spiti,0.310107104,0.321979852,0.011872748
chamba,0.400300346,0.191863584,0.208436762
kangra,1.044453548,0.966952237,0.077501311
kullu,0.26843604,0.052025107,0.216410933
mandi,0.910437082,0.174020686,0.736416396
kinnaur,0.710681995,0.171089112,0.539592883
una,0.647137511,0.628882095,0.018255416
shimla,0.771392749,0.035574686,0.735818063
solan,0.404819031,0.124151886,0.280667145
sirmaur,1.011405104,0.033540578,0.977864526
hamirpur,0.722347337,0.097059815,0.625287522
bilaspur,6.380614515,1.597536193,2.184503883
kupwara,0.534056594,0.014099434,0.51995716
bandipore,2.552861234,0.616409408,1.936451826
baramula,1.128824654,0.217682121,0.911142533
ganderbal,1.994547665,0.499016366,1.495531299
anantnag,0.462302357,0.159500867,0.30280149
kishtwar,0.405119324,0.12316298,0.281956344
srinagar,1.003599347,0.724666434,0.278932913
badgam,3.988476641,0.182326085,3.806150556
pulwama,3.270901569,0.279219117,2.991682452
punch,0.738012141,0.059684491,0.67832765
shupiyan,1.082625131,0.002022763,1.080602368
kulgam,0.367091191,0.344100009,0.022991182
rajouri,0.301855404,0.017946919,0.283908485
ramban,0.754358554,0.309949623,0.444408931
reasi,1.749523708,0.510462262,1.239061446
doda,0.541398151,0.270867996,0.270530155
jammu,2.064462057,0.475037449,1.589424608
kathua,1.038752523,0.993134601,0.045617922
udhampur,0.487802833,0.013526323,0.47427651
samba,0.669356657,0.039351707,0.63000495
muzaffarabad,0.705240174,0.275433011,0.429807163
mirpur,2.033481738,1.597536193,0.33730821
sahibganj,8.050315684,1.597536193,5.74321916
godda,0.351053647,0.042063828,0.308989819
pakur,3.841519374,0.015471341,3.826048033
giridih,0.488850861,0.045970652,0.442880209
dumka,0.826039058,0.598250003,0.227789055
deoghar,0.900022929,0.088257849,0.81176508
palamu,1.260455563,0.197368643,1.06308692
chatra,0.37639693,0.036811514,0.339585416
garhwa,0.838209479,0.290692695,0.547516784
jamtara,1.614168247,0.953600878,0.660567369
dhanbad,1.331577575,1.123698027,0.207879548
latehar,0.573164859,0.027933586,0.545231273
bokaro,1.369848729,1.347818433,0.022030296
ramgarh,0.955188073,0.516207464,0.438980609
ranchi,0.833116849,0.368094084,0.465022765
lohardaga,0.868753763,0.077224984,0.791528779
gumla,0.738034735,0.061045269,0.676989466
khunti,0.760830841,0.025055895,0.735774946
saraikela-kharsawan,1.982457722,1.597536193,0.297198097
purbi singhbhum,1.736697053,0.089703785,1.646993268
pashchimi singhbhum,0.910148694,0.04196336,0.868185334
simdega,1.054648305,0.125948542,0.928699763
kodarma,0.4952359,0.493650006,0.001585894
hazaribagh,0.550169328,0.473117617,0.077051711
bidar,1.344650341,0.577171919,0.767478422
kalaburagi,1.1108725,0.548079914,0.562792586
belagavi,1.274110942,0.55806105,0.716049892
yadgir,1.651730783,0.57450138,1.077229403
bagalkote,1.462562203,1.460163536,0.002398667
raichur,1.42584206,0.565825072,0.860016988
koppal,1.056602421,0.555929835,0.500672586
gadag,0.935237691,0.161614128,0.773623563
ballari,1.132672375,0.584051989,0.548620386
dharwad,0.419364228,0.136242811,0.283121417
uttara kannada,4.074727101,1.597536193,2.419647773
haveri,1.243636673,0.202049296,1.041587377
chitradurga,0.426895091,0.23997582,0.186919271
davanagere,0.757147753,0.419899366,0.337248387
shivamogga,1.276369106,1.203198506,0.0731706
udupi,0.74927375,0.741689148,0.007584602
chikkamagaluru,1.355001002,0.868566012,0.48643499
chikkaballapura,0.292140809,0.110670649,0.18147016
hassan,0.65942209,0.611212696,0.048209394
kolar,0.261632224,0.109739276,0.151892948
bengaluru rural,0.192307509,0.071765205,0.120542304
dakshina kannada,1.44861205,0.422123179,1.026488871
bangalore,0.342520348,0.227953363,0.114566985
kodagu,0.795547476,0.154509876,0.6410376
chamarajanagara,2.083532915,0.145853665,1.93767925
tumakuru,0.340404409,0.284595715,0.055808694
ramanagara,1.21544654,0.259579863,0.955866677
mandya,2.146957544,0.730831983,1.416125561
mysuru,1.66900183,1.291071277,0.377930553
vijayapura,0.883343513,0.871904394,0.011439119
kasaragod,3.02140911,0.717632918,2.303776192
wayanad,0.815062099,0.354881107,0.460180992
kozhikode,1.40055533,0.599372106,0.801183224
malappuram,1.938819937,0.260316709,1.678503228
palakkad,2.435607291,0.550109826,1.885497465
thrissur,5.136358427,0.761485485,4.374872942
idukki,0.789197649,0.784504282,0.004693367
ernakulam,5.103357738,1.597536193,1.260337983
alappuzha,8.323627750875,1.597536193,7.660317975750001
kottayam,3.699266664,1.597536193,1.520735488
pathanamthitta,1.224907042,0.233181386,0.991725656
kollam,2.689873614,1.597536193,0.007181482
thiruvananthapuram,0.884604088,0.648894373,0.235709715
kannur,3.447996641,1.090489394,2.357507247
leh,0.46868104,0.486956079,0.018275039
kargil,0.468179461,0.181839586,0.286339875
lakshadweep,8.323627750875,1.597536193,4.0
burhanpur,0.821960718,0.136420671,0.685540047
morena,3.024035354,0.36602215,2.658013204
bhind,2.808721208,0.119319241,2.689401967
gwalior,0.637436542,0.480315571,0.157120971
sheopur,1.417634793,0.185883526,1.231751267
shivpuri,0.728096946,0.56739149,0.160705456
tikamgarh,0.397359874,0.123153605,0.274206269
neemuch,1.80618778,1.597536193,0.047005244
rewa,0.994456438,0.175699644,0.818756794
satna,0.676054775,0.682682458,0.006627683
guna,0.595168951,0.137757934,0.457411017
ashoknagar,1.106305566,0.886532248,0.219773318
mandsaur,1.435703116,1.47147063,0.035767514
singrauli,1.521857949,0.715195816,0.806662133
sidhi,2.184368869,0.402325215,1.782043654
sagar,0.895085498,0.240442317,0.654643181
damoh,1.37672163,0.183081246,1.193640384
shajapur,0.571010644,0.057503291,0.513507353
vidisha,0.912677122,0.277215122,0.635462
rajgarh,0.937282124,0.464455125,0.472826999
shahdol,0.76725114,0.771098824,0.003847684
katni,1.074565636,0.544194583,0.530371053
umaria,0.907342834,0.911756287,0.004413453
ratlam,0.690751655,0.102150461,0.588601194
bhopal,0.626374883,0.626869321,0.000494438
ujjain,0.752619653,0.044407032,0.708212621
raisen,1.851820563,0.547154614,1.304665949
sehore,1.308962201,0.443833329,0.865128872
jabalpur,1.701345896,1.091398785,0.609947111
dewas,1.037523564,0.405980697,0.631542867
anuppur,0.69532992,0.16785608,0.52747384
jhabua,0.409073564,0.130395664,0.2786779
dindori,1.451159302,0.207929959,1.243229343
narsimhapur,2.214872889,0.238163477,1.976709412
dhar,0.815779757,0.487835201,0.327944556
indore,0.351694942,0.088367293,0.263327649
mandla,1.57739714,0.911846658,0.665550482
hoshangabad,2.346467017,0.970690301,1.375776716
seoni,1.235483561,0.815741223,0.419742338
alirajpur,0.872416618,0.738663983,0.133752635
chhindwara,0.626598635,0.382961008,0.243637627
harda,1.414901297,0.286810929,1.128090368
west nimar,1.727264926,0.465974584,1.261290342
east nimar,1.041803014,1.03067221,0.011130804
balaghat,1.159502036,0.086946009,1.072556027
barwani,0.86377453,0.58771354,0.27606099
agar malwa,0.53688887,0.338892414,0.197996456
datia,2.46515688,0.299925165,2.165231715
chhatarpur,1.27766675,0.251215844,1.026450906
panna,0.90658603,0.165583402,0.741002628
betul,0.659609051,0.086627039,0.572982012
niwari,2.347448333,0.208926357,2.138521976
gondiya,1.020830235,0.911616345,0.10921389
bhandara,2.564278476,0.742932408,1.821346068
jalgaon,1.523114248,0.504330321,1.018783927
wardha,1.65012412,1.005544539,0.644579581
buldana,0.570331597,0.427298223,0.143033374
akola,0.880057177,0.274621796,0.605435381
nashik,0.73876734,0.729292944,0.009474396
gadchiroli,1.859313068,0.196356508,1.66295656
washim,0.392447344,0.392373985,7.34e-05
chandrapur,1.760192182,0.535308039,1.224884143
yavatmal,0.98190471,0.983855741,0.001951031
jalna,0.710994286,0.649960977,0.061033309
ahmadnagar,0.691347983,0.697616588,0.006268605
hingoli,1.332394248,1.334570744,0.002176496
nanded,1.586913636,0.436541633,1.150372003
parbhani,3.612234955,0.631474073,2.980760882
pune,1.079353461,1.091416421,0.01206296
bid,0.847814579,0.573485427,0.274329152
mumbai,0.013175876,0.012175873,0.001000003
latur,0.559348532,0.350302784,0.209045748
osmanabad,0.279521656,0.27922672,0.000294936
solapur,1.684216461,0.761165008,0.923051453
satara,0.886672906,0.88365251,0.003020396
ratnagiri,1.554240455,0.978975411,0.575265044
sangli,0.816411266,0.371511861,0.444899405
kolhapur,1.531674907,0.739128811,0.792546096
sindhudurg,1.40862314,0.632545644,0.776077496
thane,3.51519111,1.597536193,1.253627781
palghar,2.015211138,1.112239022,0.902972116
nandurbar,1.936180535,1.1061674,0.830013135
amravati,1.132570579,0.452234552,0.680336027
dhule,0.703409115,0.475721838,0.227687277
nagpur,1.535057736,1.136796464,0.398261272
aurangabad,0.75855332,0.771925606,0.013372286
raigarh,2.063545631,1.597536193,0.036610841
mumbai suburban,0.915654785,0.914657543,0.000997242
kamjong,0.610853038,0.129302233,0.481550805
senapati,0.710207411,0.0,0.710207411
tamenglong,1.701837152,0.006002374,1.695834778
imphal west,3.366895401,0.042914083,3.323981318
kakching,3.624802358,0.104413907,3.520388451
bishnupur,3.487839839,1.597536193,0.000998427
chandel,0.632996,0.002124825,0.630871175
churachandpur,1.167264968,0.2279733,0.939291668
imphal east,8.323627750875,0.032628883,7.660317975750001
jiribam,5.343630309,0.111022838,5.232607471
kangpokpi,0.701396511,0.166897675,0.534498836
thoubal,8.323627750875,0.052982735,7.660317975750001
tengnoupal,0.539127806,0.0,0.539127806
ukhrul,0.669906789,0.0,0.669906789
noney,2.73207358,0.05487921,2.67719437
pherzawl,2.387954764,0.021159458,2.366795306
ribhoi,1.874505797,0.159366599,1.715139198
west khasi hills,1.198133343,0.006185816,1.191947527
east jaintia hills,1.649728103,0.02228155,1.627446553
east khasi hills,1.226830999,0.077062889,1.14976811
south garo hills,1.298508569,0.025829871,1.272678698
west garo hills,1.111942423,0.032280391,1.079662032
east garo hills,0.691122728,0.004744409,0.686378319
west jaintia hills,1.733990094,0.091584225,1.642405869
south west khasi hills,1.814196952,0.045431517,1.768765435
north garo hills,1.505747627,0.0,1.505747627
south west garo hills,3.341603843,0.001275329,3.340328514
kolasib,1.964392845,0.380323566,1.584069279
aizawl,2.162077627,0.096288881,2.065788746
mamit,1.381857077,0.0,1.381857077
champhai,0.919185436,0.0,0.919185436
serchhip,1.328475491,0.0,1.328475491
lunglei,2.6734292,0.01244799,2.66098121
saiha,2.96841934,0.016731928,2.951687412
lawngtlai,2.814060532,0.021722019,2.792338513
mon,2.746283665,0.00464644,2.741637225
longleng,2.847941427,0.010400483,2.837540944
mokokchung,1.200974196,0.0,1.200974196
tuensang,0.650005813,0.0,0.650005813
kiphire,1.066560501,0.0,1.066560501
peren,0.587829484,0.001342531,0.586486953
wokha,2.044958036,0.491956258,1.553001778
zunheboto,0.640526895,0.0,0.640526895
phek,1.968885678,0.002356585,1.966529093
kohima,0.321623488,0.0,0.321623488
dimapur,1.720970931,0.004473913,1.716497018
bhadrak,8.323627750875,1.597536193,7.660317975750001
dhenkanal,1.607306371,0.725516959,0.881789412
jajapur,8.323627750875,0.632633041,7.660317975750001
subarnapur,3.493045358,1.212807104,2.280238254
nuapada,1.647190051,0.35257892,1.294611131
balangir,1.245116533,0.149789566,1.095326967
baudh,2.608651472,0.899336006,1.709315466
cuttack,8.323627750875,1.597536193,7.660317975750001
kandhamal,0.573783436,0.032063654,0.541719782
nayagarh,4.840654376,0.392848482,4.447805894
khordha,3.367308168,1.214771584,2.152536584
kalahandi,0.969360733,0.57131064,0.398050093
jagatsinghapur,3.152171799,1.597536193,0.078061187
puri,8.323627750875,1.597536193,0.32180646
nabarangapur,0.945022433,0.509433477,0.435588956
rayagada,1.514776096,0.065376151,1.449399945
koraput,1.383903026,1.198572767,0.185330259
malkangiri,1.711137196,1.597536193,0.073061589
anugul,1.964959616,1.597536193,0.272277764
kendrapara,8.323627750875,1.597536193,7.660317975750001
ganjam,3.782362954,1.187000815,2.595362139
gajapati,0.776854184,0.1973271,0.579527084
mayurbhanj,1.289395367,0.185356663,1.104038704
sundargarh,2.122434122,0.304650931,1.817783191
kendujhar,1.491690841,0.370501647,1.121189194
baleshwar,8.323627750875,1.597536193,7.660317975750001
jharsuguda,2.936283719,1.597536193,0.163912049
bargarh,1.309118184,1.345216816,0.036098632
debagarh,2.166747854,1.597536193,0.025728406
sambalpur,1.95082885,1.296871576,0.653957274
puducherry,1.760373358,0.820562264,0.939811094
karaikal,1.148059852,1.327174677,0.179114825
mahe,1.6545,1.410606801,0.243893199
yanam,8.323627750875,1.597536193,2.98522873
gurdaspur,8.104089132,0.113656362,7.660317975750001
hoshiarpur,1.124097105,0.108432652,1.015664453
amritsar,2.592469047,0.034259992,2.558209055
jalandhar,5.423173348,0.0,5.423173348
tarn taran,5.771552223,0.165720765,5.605831458
rupnagar,8.323627750875,0.471251752,7.660317975750001
shahid bhagat singh nagar,8.323627750875,0.067246598,7.660317975750001
fazilka,4.742047502,0.0,4.742047502
moga,2.73145838,0.0,2.73145838
ludhiana,4.786805709,0.007473247,4.779332462
sahibzada ajit singh nag*,0.112972873,0.010724633,0.10224824
faridkot,4.441457773,0.0,4.441457773
fatehgarh sahib,0.476176498,0.0,0.476176498
sri muktsar sahib,2.388794655,0.000403704,2.388390951
sangrur,2.448919322,0.0,2.448919322
barnala,1.6671773,0.0,1.6671773
bathinda,4.083232034,0.018454025,4.064778009
patiala,4.903037722,0.000974475,4.902063247
mansa,2.763547618,0.004390434,2.759157184
firozpur,8.113945312,0.027828753,7.660317975750001
pathankot,2.474306677,1.207937139,1.266369538
kapurthala,3.634049856,0.260845183,3.373204673
churu,0.776519408,0.00062635,0.775893058
jhunjhunun,0.337331328,0.000184082,0.337147246
jaisalmer,0.490864938,0.007376732,0.483488206
sikar,0.420855874,0.0,0.420855874
alwar,0.348076896,0.005601607,0.342475289
jaipur,0.300794996,0.001876113,0.298918883
jodhpur,0.356570143,0.004713804,0.351856339
bharatpur,2.342300583,0.003684995,2.338615588
nagaur,0.318324761,0.004782392,0.313542369
dausa,0.503371084,0.004574126,0.498796958
karauli,0.633480722,0.197979321,0.435501401
dhaulpur,3.16604113,0.385474633,2.780566497
barmer,0.88895207,0.014956261,0.873995809
sawai madhopur,1.752297609,0.2640657,1.488231909
tonk,0.845948588,0.871896612,0.025948024
pali,0.420034216,0.028374093,0.391660123
bhilwara,0.795160097,0.045229947,0.74993015
jalor,1.350286581,0.005874951,1.34441163
bundi,2.12987866,0.138460405,1.991418255
kota,2.883610805,0.503964127,2.379646678
sirohi,0.276456745,0.023800256,0.252656489
baran,2.698445577,0.273336329,2.425109248
udaipur,0.289382661,0.290943084,0.001560423
jhalawar,1.321031828,0.380898218,0.94013361
dungarpur,0.586707161,0.388930127,0.197777034
banswara,0.908342871,0.925230196,0.016887325
ajmer,0.260510002,0.05695381,0.203556192
rajsamand,0.253865414,0.088450607,0.165414807
chittaurgarh,1.068551638,1.101782041,0.033230403
ganganagar,6.604699359,0.009686833,6.595012526
hanumangarh,3.719727987,0.012851681,3.706876306
bikaner,0.693208661,0.008307225,0.684901436
pratapgarh,0.34101676,0.239472067,0.101544693
north  district,0.608832673,0.545185157,0.063647516
west district,0.75096604,0.065150406,0.685815634
south district,1.694907072,0.18276756,1.512139512
east district,0.934153719,0.10298745,0.831166269
adilabad,1.209758847,0.22104424,0.988714607
hyderabad,0.522269753,0.52199262,0.000277133
jagitial,1.696878929,0.394204469,1.30267446
jangoan,0.433243486,0.315476097,0.117767389
mulugu,2.920152054,0.667449464,2.25270259
jogulamba gadwal,2.863639705,1.45893785,1.404701855
kamareddy,1.880129371,0.928824065,0.951305306
karimnagar,1.016544336,1.029366402,0.012822066
khammam,0.560077929,0.458663756,0.101414173
kumuram bheem asifabad,1.762360552,0.6274381,1.134922452
mahabubabad,0.514342184,0.26668014,0.247662044
mahabubnagar,0.520380467,0.103573838,0.416806629
mancherial,2.37206874,1.035405769,1.336662971
medak,1.038975884,0.130629891,0.908345993
medchal malkajgiri,0.338814937,0.108188415,0.230626522
nagarkurnool,2.158570923,0.873611522,1.284959401
nalgonda,1.110181564,1.121014225,0.010832661
nirmal,2.495939442,1.345821289,1.150118153
nizamabad,1.414979667,1.37012829,0.044851377
peddapalli,3.699961317,1.102681823,2.597279494
rajanna sircilla,0.563623248,0.564767428,0.00114418
ranga reddy,0.412349188,0.327322292,0.085026896
sangareddy,1.457531752,1.462695895,0.005164143
siddipet,0.469975702,0.091876715,0.378098987
suryapet,1.862321095,0.526090291,1.336230804
vikarabad,0.271652781,0.187043402,0.084609379
wanaparthy,5.911067913,0.984745694,4.926322219
warangal rural,0.420854233,0.3791028,0.041751433
warangal urban,0.487587909,0.354480511,0.133107398
yadadri bhuvanagiri,0.630428715,0.084363209,0.546065506
bhadradri kothagudem,1.367448139,0.625093908,0.742354231
jayashankar,5.683848444,0.464301349,5.219547095
narayanpet,1.584991037,0.815999907,0.76899113
north tripura,1.542869002,0.0,1.542869002
dhalai,1.167627679,0.830802532,0.336825147
sipahijala,0.601362713,0.003254841,0.598107872
gomati,2.520489489,0.002801781,2.517687708
khowai,0.889218209,0.0,0.889218209
west tripura,0.612502471,0.0,0.612502471
south tripura,0.931395601,0.0,0.931395601
unokoti,8.323627750875,0.001642557,7.660317975750001
amroha,3.77465624,0.02670143,3.74795481
hapur,1.533241589,0.006144137,1.527097452
bareilly,4.170101962,0.0,4.170101962
pilibhit,3.104616978,0.672146699,2.432470279
bulandshahr,4.647089954,0.043817515,4.603272439
gautam buddha nagar,4.671283575,0.002840861,4.668442714
kheri,7.086100462,0.145950617,6.940149845
budaun,3.899941243,0.043402472,3.856538771
bahraich,4.089125081,0.40923834,3.679886741
shahjahanpur,4.764711247,0.007833177,4.75687807
aligarh,1.93292949,0.006094499,1.926834991
kasganj,8.323627750875,0.061598326,7.660317975750001
mathura,4.807455013,0.0,4.807455013
shrawasti,7.721578816,0.028878669,7.660317975750001
sitapur,3.400453125,0.025174919,3.375278206
hathras,1.329597887,0.0,1.329597887
etah,1.185341675,0.000451786,1.184889889
hardoi,4.375049349,0.028511914,4.346537435
farrukhabad,6.314129092,0.099039455,6.215089637
firozabad,4.216316792,0.0,4.216316792
siddharthnagar,8.323627750875,0.022007889,7.660317975750001
mainpuri,3.043030701,0.0,3.043030701
mahrajganj,3.336576576,0.082956237,3.253620339
agra,4.133356464,0.10192976,4.031426704
gonda,2.9367264,0.067902889,2.868823511
bara banki,3.016814521,0.151297728,2.865516793
kushinagar,4.446808531,0.238357002,4.208451529
kannauj,3.637205694,0.028212116,3.608993578
lucknow,1.996226278,0.00696436,1.989261918
basti,4.958766648,0.322726847,4.636039801
gorakhpur,8.323627750875,0.35299449,7.660317975750001
sant kabir nagar,6.190358252,0.19440129,5.995956962
unnao,3.590127624,0.07773585,3.512391774
etawah,8.323627750875,0.23711024,7.660317975750001
kanpur nagar,5.234616541,0.360877047,4.873739494
auraiya,6.808487542,0.145826885,6.662660657
faizabad,4.054677701,0.247188018,3.807489683
kanpur dehat,3.309974643,0.222688571,3.087286072
deoria,7.998150162,0.303328624,7.660317975750001
sultanpur,4.349309327,0.002008734,4.347300593
ambedkar nagar,3.80490503,0.342207082,3.462697948
rae bareli,5.209973941,0.023735469,5.186238472
jalaun,5.196857221,0.392709551,4.80414767
azamgarh,6.067454778,0.055490347,6.011964431
mau,4.820667589,0.274573764,4.546093825
fatehpur,6.194245238,0.497518236,5.696727002
ballia,8.323627750875,0.925904877,7.660317975750001
jaunpur,4.255610411,0.012266083,4.243344328
jhansi,2.23315222,0.409255286,1.823896934
banda,6.835722082,0.522039626,6.313682456
ghazipur,8.323627750875,0.864783267,7.660317975750001
kaushambi,5.838259619,0.615851316,5.222408303
prayagraj,8.323627750875,0.784955122,7.660317975750001
varanasi,4.599652222,0.883647796,3.716004426
chitrakoot,2.917583682,0.454897641,2.462686041
chandauli,8.323627750875,1.049386239,7.660317975750001
bhadohi,8.323627750875,1.079228201,7.660317975750001
mirzapur,4.158753681,1.473547713,2.685205968
lalitpur,1.497263878,1.506086959,0.008823081
sonbhadra,2.644815378,1.597536193,0.064958232
amethi,2.870234132,0.0,2.870234132
ghaziabad,2.474121961,0.0,2.474121961
sambhal,2.052578084,0.044450144,2.00812794
mahoba,0.539052412,0.300865401,0.238187011
saharanpur,2.705190205,0.020060771,2.685129434
bijnor,3.55139876,0.063788983,3.487609777
muzaffarnagar,1.484914141,0.003804991,1.48110915
baghpat,4.30209073,0.0,4.30209073
meerut,3.284379909,0.007909836,3.276470073
moradabad,3.838687956,0.0,3.838687956
rampur,4.515924008,0.0,4.515924008
shamli,1.857718186,0.0,1.857718186
balrampur,4.434421195,0.059511194,4.374910001
hamirpur,6.709509044,0.665130154,6.04437889
pratapgarh,3.66688256,0.018238429,3.648644131
uttarkashi,0.450692495,0.082932117,0.367760378
chamoli,1.044647093,0.05612071,0.988526383
dehradun,1.565549733,0.084799737,1.480749996
tehri garhwal,1.072103335,0.531062216,0.541041119
rudraprayag,1.443384607,0.040330005,1.403054602
pithoragarh,0.525534276,0.108953862,0.416580414
bageshwar,0.57268385,0.001914048,0.570769802
hardwar,2.049997612,0.174571933,1.875425679
garhwal,1.014386007,0.69594354,0.318442467
"almora
",0.649027255,0.000454012,0.648573243
nainital,0.775389314,0.026065252,0.749324062
champawat,1.472908997,0.256522301,1.216386696
udham singh nagar,2.061876849,0.785339181,1.276537668
south twenty four pargan*,8.323627750875,1.597536193,7.660317975750001
darjiling,2.014600116,0.096238867,1.918361249
jalpaiguri,4.914165317,0.3463879,4.567777417
dakshin dinajpur,3.854366613,0.005980479,3.848386134
maldah,8.323627750875,1.597536193,7.660317975750001
murshidabad,8.323627750875,1.234154397,7.660317975750001
birbhum,4.557102699,0.073826304,4.483276395
nadia,8.323627750875,0.744726558,7.660317975750001
purba bardhaman,8.323627750875,0.24975544,7.660317975750001
puruliya,0.817297747,0.509342358,0.307955389
bankura,1.837666654,0.435897763,1.401768891
north twenty four pargan*,8.323627750875,1.597536193,7.660317975750001
hooghly,8.323627750875,0.332437756,7.660317975750001
medinipur west,7.838525951,0.025978003,7.660317975750001
howrah,8.323627750875,1.597536193,7.660317975750001
kolkata,8.323627750875,1.597536193,1.85061619
purba medinipur,8.323627750875,1.597536193,7.660317975750001
alipurduar,4.056971682,0.017650059,4.039321623
paschim bardhaman,2.156244683,0.422563785,1.733680898
kalimpong,1.209230259,0.250831636,0.958398623
jhargram,1.847517048,0.072751655,1.774765393
cooch behar,7.872524259,0.371070198,7.501454061
uttar dinajpur,6.673772935,0.007231452,6.666541483
thiruvallur,2.527745598,1.597536193,0.136913665
chennai,4.645634657,1.072848464,3.572786193
krishnagiri,1.019903242,0.155619892,0.86428335
tiruvannamalai,1.068840485,0.111931507,0.956908978
dharmapuri,0.764553583,0.519672081,0.244881502
salem,1.698807354,0.995995874,0.70281148
erode,1.28966656,0.635350328,0.654316232
the nilgiris,0.41168295,0.339577292,0.072105658
namakkal,0.411626715,0.022086664,0.389540051
perambalur,0.714228873,0.002767237,0.711461636
coimbatore,0.519629022,0.20279264,0.316836382
tiruchirappalli,2.799798931,0.030082563,2.769716368
ariyalur,2.450977499,0.08746038,2.363517119
tiruppur,0.635364224,0.084088984,0.55127524
thanjavur,6.402076626,0.139785443,6.262291183
karur,1.785192578,0.062914047,1.722278531
thiruvarur,2.20727188,0.026905003,2.180366877
dindigul,0.458409501,0.079067201,0.3793423
madurai,1.022103303,0.009182441,1.012920862
theni,0.346368373,0.314606199,0.031762174
virudhunagar,1.881503151,0.022872843,1.858630308
thoothukkudi,0.991755053,1.009030229,0.017275176
kanniyakumari,0.216023548,0.214453049,0.001570499
viluppuram,2.829205267,0.250109562,2.579095705
cuddalore,6.561569456,0.689771711,5.871797745
pudukkottai,0.699430563,0.085746267,0.613684296
sivaganga,1.984480953,0.051279472,1.933201481
ramanathapuram,3.269130248,1.290662657,1.978467591
nagapattinam,8.323627750875,1.597536193,7.660317975750001
kallakurichi,1.726935239,0.016931089,1.71000415
tenkasi,0.457961738,0.050554592,0.407407146
tirunelveli,0.61478851,0.622191008,0.007402498
vellore,0.459638695,0.021681234,0.437957461
ranipet,1.50587668,0.142824545,1.363052135
tirupathur,0.890009742,0.007876167,0.882133575
kancheepuram,2.694220448,0.935998334,1.758222114
chengalpattu,4.817890104,1.597536193,2.752509381
